Question,SQL Query
What tools are associated with Solutions for Portal e-Learning KMS BI etc?,"SELECT * FROM data WHERE FunctionalDomain = 'Solutions for Portal,e-Learning,KMS,BI,etc'"
Show me the tools used in Solutions for Application Development and Deployment.,SELECT * FROM data WHERE FunctionalDomain = 'Solutions for Application Development and Deployment'
List all the tools in Solutions for Source Code Management Dev Ops & Documentation.,"SELECT * FROM data WHERE FunctionalDomain = 'Solutions for Source Code Management,Dev Ops & Documentation'"
What are the tools for Solutions for Infrastructure?,SELECT * FROM data WHERE FunctionalDomain = 'Solutions for Infrastructure'
Which tools should I use for Solutions for GIS?,SELECT * FROM data WHERE FunctionalDomain = 'Solutions for GIS'
What tools are recommended for Solutions for Data Management?,SELECT * FROM data WHERE FunctionalDomain = 'Solutions for Data Management'
Show me tools used in Solutions for Mobile Application Development Data Management GIS DevOps.,"SELECT * FROM data WHERE FunctionalDomain = 'Solutions for Mobile Application Development,Data Management,GIS,DevOps'"
What tools are commonly used in Solutions for Data Analytics?,SELECT * FROM data WHERE FunctionalDomain = 'Solutions for Data Analytics'
List all the tools for Solutions for Application Testing.,SELECT * FROM data WHERE FunctionalDomain = 'Solutions for Application Testing'
What tools are associated with Solutions for Portal e-Learning KMS BI etc?,"SELECT * FROM data WHERE FunctionalDomain = 'Solutions for Portal,e-Learning,KMS,BI,etc'"
Show me tools used in Solutions for Application Development and Deployment.,SELECT * FROM data WHERE FunctionalDomain = 'Solutions for Application Development and Deployment'
List all the tools in Solutions for Source Code Management Dev Ops & Documentation.,"SELECT * FROM data WHERE FunctionalDomain = 'Solutions for Source Code Management,Dev Ops & Documentation'"
What are the tools for Solutions for Infrastructure?,SELECT * FROM data WHERE FunctionalDomain = 'Solutions for Infrastructure'
Which tools should I use for Solutions for GIS?,SELECT * FROM data WHERE FunctionalDomain = 'Solutions for GIS'
What tools are recommended for Solutions for Data Management?,SELECT * FROM data WHERE FunctionalDomain = 'Solutions for Data Management'
Show me tools used in Solutions for Mobile Application Development Data Management GIS DevOps.,"SELECT * FROM data WHERE FunctionalDomain = 'Solutions for Mobile Application Development,Data Management,GIS,DevOps'"
What tools are commonly used in Solutions for Data Analytics?,SELECT * FROM data WHERE FunctionalDomain = 'Solutions for Data Analytics'
List all the tools for Solutions for Application Testing.,SELECT * FROM data WHERE FunctionalDomain = 'Solutions for Application Testing'
What tools are associated with Solutions for Portal e-Learning KMS BI etc?,"SELECT * FROM data WHERE FunctionalDomain = 'Solutions for Portal,e-Learning,KMS,BI,etc'"
Show me tools used in Solutions for Application Development and Deployment.,SELECT * FROM data WHERE FunctionalDomain = 'Solutions for Application Development and Deployment'
List all the tools in Solutions for Source Code Management Dev Ops & Documentation.,"SELECT * FROM data WHERE FunctionalDomain = 'Solutions for Source Code Management,Dev Ops & Documentation'"
What are the tools for Solutions for Infrastructure?,SELECT * FROM data WHERE FunctionalDomain = 'Solutions for Infrastructure'
Which tools should I use for Solutions for GIS?,SELECT * FROM data WHERE FunctionalDomain = 'Solutions for GIS'
What tools are recommended for Solutions for Data Management?,SELECT * FROM data WHERE FunctionalDomain = 'Solutions for Data Management'
Show me tools used in Solutions for Mobile Application Development Data Management GIS DevOps.,"SELECT * FROM data WHERE FunctionalDomain = 'Solutions for Mobile Application Development,Data Management,GIS,DevOps'"
What tools are commonly used in Solutions for Data Analytics?,SELECT * FROM data WHERE FunctionalDomain = 'Solutions for Data Analytics'
List all the tools for Solutions for Application Testing.,SELECT * FROM data WHERE FunctionalDomain = 'Solutions for Application Testing'
What is the tool to be used in Solutions for Portal e-Learning KMS BI etc?,"SELECT * FROM data WHERE FunctionalDomain = 'Solutions for Portal,e-Learning,KMS,BI,etc'"
What are the tools in Solutions for Portal e-Learning KMS BI etc?,"SELECT * FROM data WHERE FunctionalDomain = 'Solutions for Portal,e-Learning,KMS,BI,etc'"
List all the tools in Solutions for Portal e-Learning KMS BI etc.,"SELECT * FROM data WHERE FunctionalDomain = 'Solutions for Portal,e-Learning,KMS,BI,etc'"
What are the tools I should use for Solutions for Portal e-Learning KMS BI etc?,"SELECT * FROM data WHERE FunctionalDomain = 'Solutions for Portal,e-Learning,KMS,BI,etc'"
What is the tool to be used in Solutions for Application Development and Deployment?,SELECT * FROM data WHERE FunctionalDomain = 'Solutions for Application Development and Deployment'
What are the tools in Solutions for Application Development and Deployment?,SELECT * FROM data WHERE FunctionalDomain = 'Solutions for Application Development and Deployment'
List all the tools in Solutions for Application Development and Deployment.,SELECT * FROM data WHERE FunctionalDomain = 'Solutions for Application Development and Deployment'
What are the tools I should use for Solutions for Application Development and Deployment?,SELECT * FROM data WHERE FunctionalDomain = 'Solutions for Application Development and Deployment'
What is the tool to be used in Solutions for Source Code Management Dev Ops & Documentation?,"SELECT * FROM data WHERE FunctionalDomain = 'Solutions for Source Code Management,Dev Ops & Documentation'"
What are the tools in Solutions for Source Code Management Dev Ops & Documentation?,"SELECT * FROM data WHERE FunctionalDomain = 'Solutions for Source Code Management,Dev Ops & Documentation'"
List all the tools in Solutions for Source Code Management Dev Ops & Documentation.,"SELECT * FROM data WHERE FunctionalDomain = 'Solutions for Source Code Management,Dev Ops & Documentation'"
What are the tools I should use for Solutions for Source Code Management Dev Ops & Documentation?,"SELECT * FROM data WHERE FunctionalDomain = 'Solutions for Source Code Management,Dev Ops & Documentation'"
What is the tool to be used in Solutions for Infrastructure?,SELECT * FROM data WHERE FunctionalDomain = 'Solutions for Infrastructure'
What are the tools in Solutions for Infrastructure?,SELECT * FROM data WHERE FunctionalDomain = 'Solutions for Infrastructure'
List all the tools in Solutions for Infrastructure.,SELECT * FROM data WHERE FunctionalDomain = 'Solutions for Infrastructure'
What are the tools I should use for Solutions for Infrastructure?,SELECT * FROM data WHERE FunctionalDomain = 'Solutions for Infrastructure'
What is the tool to be used in Solutions for GIS?,SELECT * FROM data WHERE FunctionalDomain = 'Solutions for GIS'
What are the tools in Solutions for GIS?,SELECT * FROM data WHERE FunctionalDomain = 'Solutions for GIS'
List all the tools in Solutions for GIS.,SELECT * FROM data WHERE FunctionalDomain = 'Solutions for GIS'
What are the tools I should use for Solutions for GIS?,SELECT * FROM data WHERE FunctionalDomain = 'Solutions for GIS'
What is the tool to be used in Solutions for Data Management?,SELECT * FROM data WHERE FunctionalDomain = 'Solutions for Data Management'
What are the tools in Solutions for Data Management?,SELECT * FROM data WHERE FunctionalDomain = 'Solutions for Data Management'
List all the tools in Solutions for Data Management.,SELECT * FROM data WHERE FunctionalDomain = 'Solutions for Data Management'
What are the tools I should use for Solutions for Data Management?,SELECT * FROM data WHERE FunctionalDomain = 'Solutions for Data Management'
What is the tool to be used in Solutions for Mobile Application Development Data Management GIS DevOps?,"SELECT * FROM data WHERE FunctionalDomain = 'Solutions for Mobile Application Development,Data Management,GIS,DevOps'"
What are the tools in Solutions for Mobile Application Development Data Management GIS DevOps?,"SELECT * FROM data WHERE FunctionalDomain = 'Solutions for Mobile Application Development,Data Management,GIS,DevOps'"
List all the tools in Solutions for Mobile Application Development Data Management GIS DevOps.,"SELECT * FROM data WHERE FunctionalDomain = 'Solutions for Mobile Application Development,Data Management,GIS,DevOps'"
What are the tools I should use for Solutions for Mobile Application Development Data Management GIS DevOps?,"SELECT * FROM data WHERE FunctionalDomain = 'Solutions for Mobile Application Development,Data Management,GIS,DevOps'"
What is the tool to be used in Solutions for Data Analytics?,SELECT * FROM data WHERE FunctionalDomain = 'Solutions for Data Analytics'
What are the tools in Solutions for Data Analytics?,SELECT * FROM data WHERE FunctionalDomain = 'Solutions for Data Analytics'
List all the tools in Solutions for Data Analytics.,SELECT * FROM data WHERE FunctionalDomain = 'Solutions for Data Analytics'
What are the tools I should use for Solutions for Data Analytics?,SELECT * FROM data WHERE FunctionalDomain = 'Solutions for Data Analytics'
What is the tool to be used in Solutions for Application Testing?,SELECT * FROM data WHERE FunctionalDomain = 'Solutions for Application Testing'
What are the tools in Solutions for Application Testing?,SELECT * FROM data WHERE FunctionalDomain = 'Solutions for Application Testing'
List all the tools in Solutions for Application Testing.,SELECT * FROM data WHERE FunctionalDomain = 'Solutions for Application Testing'
What are the tools I should use for Solutions for Application Testing?,SELECT * FROM data WHERE FunctionalDomain = 'Solutions for Application Testing'
What tools are recommended for Solutions for Portal e-Learning KMS BI etc?,"SELECT * FROM data WHERE FunctionalDomain = 'Solutions for Portal,e-Learning,KMS,BI,etc';"
List the tools used in Solutions for Portal e-Learning KMS BI etc.,"SELECT * FROM data WHERE FunctionalDomain = 'Solutions for Portal,e-Learning,KMS,BI,etc';"
Which tools should I consider for Solutions for Portal e-Learning KMS BI etc?,"SELECT * FROM data WHERE FunctionalDomain = 'Solutions for Portal,e-Learning,KMS,BI,etc';"
What tool is commonly used in Solutions for Portal e-Learning KMS BI etc?,"SELECT * FROM data WHERE FunctionalDomain = 'Solutions for Portal,e-Learning,KMS,BI,etc';"
What tools are recommended for Solutions for Application Development and Deployment?,SELECT * FROM data WHERE FunctionalDomain = 'Solutions for Application Development and Deployment';
List the tools used in Solutions for Application Development and Deployment.,SELECT * FROM data WHERE FunctionalDomain = 'Solutions for Application Development and Deployment';
Which tools should I consider for Solutions for Application Development and Deployment?,SELECT * FROM data WHERE FunctionalDomain = 'Solutions for Application Development and Deployment';
What tool is commonly used in Solutions for Application Development and Deployment?,SELECT * FROM data WHERE FunctionalDomain = 'Solutions for Application Development and Deployment';
What tools are recommended for Solutions for Source Code Management Dev Ops & Documentation?,"SELECT * FROM data WHERE FunctionalDomain = 'Solutions for Source Code Management,Dev Ops & Documentation';"
List the tools used in Solutions for Source Code Management Dev Ops & Documentation.,"SELECT * FROM data WHERE FunctionalDomain = 'Solutions for Source Code Management,Dev Ops & Documentation';"
Which tools should I consider for Solutions for Source Code Management Dev Ops & Documentation?,"SELECT * FROM data WHERE FunctionalDomain = 'Solutions for Source Code Management,Dev Ops & Documentation';"
What tool is commonly used in Solutions for Source Code Management Dev Ops & Documentation?,"SELECT * FROM data WHERE FunctionalDomain = 'Solutions for Source Code Management,Dev Ops & Documentation';"
What tools are recommended for Solutions for Infrastructure?,SELECT * FROM data WHERE FunctionalDomain = 'Solutions for Infrastructure';
List the tools used in Solutions for Infrastructure.,SELECT * FROM data WHERE FunctionalDomain = 'Solutions for Infrastructure';
Which tools should I consider for Solutions for Infrastructure?,SELECT * FROM data WHERE FunctionalDomain = 'Solutions for Infrastructure';
What tool is commonly used in Solutions for Infrastructure?,SELECT * FROM data WHERE FunctionalDomain = 'Solutions for Infrastructure';
What tools are recommended for Solutions for GIS?,SELECT * FROM data WHERE FunctionalDomain = 'Solutions for GIS'
List the tools used in Solutions for GIS.,SELECT * FROM data WHERE FunctionalDomain = 'Solutions for GIS'
Which tools should I consider for Solutions for GIS?,SELECT * FROM data WHERE FunctionalDomain = 'Solutions for GIS'
What tool is commonly used in Solutions for GIS?,SELECT * FROM data WHERE FunctionalDomain = 'Solutions for GIS'
What tools are recommended for Solutions for Data Management?,SELECT * FROM data WHERE FunctionalDomain = 'Solutions for Data Management';
List the tools used in Solutions for Data Management.,SELECT * FROM data WHERE FunctionalDomain = 'Solutions for Data Management';
Which tools should I consider for Solutions for Data Management?,SELECT * FROM data WHERE FunctionalDomain = 'Solutions for Data Management';
What tool is commonly used in Solutions for Data Management?,SELECT * FROM data WHERE FunctionalDomain = 'Solutions for Data Management';
What tools are recommended for Solutions for Mobile Application Development Data Management GIS DevOps?,"SELECT * FROM data WHERE FunctionalDomain = 'Solutions for Mobile Application Development,Data Management,GIS,DevOps';"
List the tools used in Solutions for Mobile Application Development Data Management GIS DevOps.,"SELECT * FROM data WHERE FunctionalDomain = 'Solutions for Mobile Application Development,Data Management,GIS,DevOps';"
Which tools should I consider for Solutions for Mobile Application Development Data Management GIS DevOps?,"SELECT * FROM data WHERE FunctionalDomain = 'Solutions for Mobile Application Development,Data Management,GIS,DevOps';"
What tool is commonly used in Solutions for Mobile Application Development Data Management GIS DevOps?,"SELECT * FROM data WHERE FunctionalDomain = 'Solutions for Mobile Application Development,Data Management,GIS,DevOps';"
What tools are recommended for Solutions for Data Analytics?,SELECT * FROM data WHERE FunctionalDomain = 'Solutions for Data Analytics';
List the tools used in Solutions for Data Analytics.,SELECT * FROM data WHERE FunctionalDomain = 'Solutions for Data Analytics';
Which tools should I consider for Solutions for Data Analytics?,SELECT * FROM data WHERE FunctionalDomain = 'Solutions for Data Analytics';
What tool is commonly used in Solutions for Data Analytics?,SELECT * FROM data WHERE FunctionalDomain = 'Solutions for Data Analytics';
What tools are recommended for Solutions for Application Testing?,SELECT * FROM data WHERE FunctionalDomain = 'Solutions for Application Testing';
List the tools used in Solutions for Application Testing.,SELECT * FROM data WHERE FunctionalDomain = 'Solutions for Application Testing';
Which tools should I consider for Solutions for Application Testing?,SELECT * FROM data WHERE FunctionalDomain = 'Solutions for Application Testing';
What tool is commonly used in Solutions for Application Testing?,SELECT * FROM data WHERE FunctionalDomain = 'Solutions for Application Testing';
What tools are recommended for Portal e-Learning KMS BI etc?,"SELECT * FROM data WHERE FunctionalDomain = 'Solutions for Portal,e-Learning,KMS,BI,etc';"
List the tools used in Application Development and Deployment.,SELECT * FROM data WHERE FunctionalDomain = 'Solutions for Application Development and Deployment';
Which tools should I consider for Source Code Management Dev Ops & Documentation?,"SELECT * FROM data WHERE FunctionalDomain = 'Solutions for Source Code Management,Dev Ops & Documentation';"
What tool is commonly used in Infrastructure?,SELECT * FROM data WHERE FunctionalDomain = 'Solutions for Infrastructure';
What tools are recommended for GIS?,SELECT * FROM data WHERE FunctionalDomain = 'Solutions for GIS'
List the tools used in Data Management.,SELECT * FROM data WHERE FunctionalDomain = 'Solutions for Data Management';
Which tools should I consider for Mobile Application Development Data Management GIS DevOps?,"SELECT * FROM data WHERE FunctionalDomain = 'Solutions for Mobile Application Development,Data Management,GIS,DevOps';"
What tool is commonly used in Data Analytics?,SELECT * FROM data WHERE FunctionalDomain = 'Solutions for Data Analytics';
What tools are recommended for Application Testing?,SELECT * FROM data WHERE FunctionalDomain = 'Solutions for Application Testing';
What tools are recommended for Portal e-Learning KMS BI etc?,"SELECT * FROM data WHERE FunctionalDomain = 'Solutions for Portal,e-Learning,KMS,BI,etc';"
List the tools used in Application Development and Deployment.,SELECT * FROM data WHERE FunctionalDomain = 'Solutions for Application Development and Deployment';
Which tools should I consider for Source Code Management Dev Ops & Documentation?,"SELECT * FROM data WHERE FunctionalDomain = 'Solutions for Source Code Management,Dev Ops & Documentation';"
What tool is commonly used in Infrastructure?,SELECT * FROM data WHERE FunctionalDomain = 'Solutions for Infrastructure';
What tools are recommended for GIS?,SELECT * FROM data WHERE FunctionalDomain = 'Solutions for GIS'
List the tools used in Data Management.,SELECT * FROM data WHERE FunctionalDomain = 'Solutions for Data Management';
Which tools should I consider for Mobile Application Development Data Management GIS DevOps?,"SELECT * FROM data WHERE FunctionalDomain = 'Solutions for Mobile Application Development,Data Management,GIS,DevOps';"
What tool is commonly used in Data Analytics?,SELECT * FROM data WHERE FunctionalDomain = 'Solutions for Data Analytics';
What tools are recommended for Application Testing?,SELECT * FROM data WHERE FunctionalDomain = 'Solutions for Application Testing';
What tools are recommended for Portal e-Learning KMS BI etc?,"SELECT * FROM data WHERE FunctionalDomain = 'Solutions for Portal,e-Learning,KMS,BI,etc';"
List the tools used in Application Development and Deployment.,SELECT * FROM data WHERE FunctionalDomain = 'Solutions for Application Development and Deployment';
Which tools should I consider for Source Code Management Dev Ops & Documentation?,"SELECT * FROM data WHERE FunctionalDomain = 'Solutions for Source Code Management,Dev Ops & Documentation';"
What tool is commonly used in Infrastructure?,SELECT * FROM data WHERE FunctionalDomain = 'Solutions for Infrastructure';
What tools are recommended for GIS?,SELECT * FROM data WHERE FunctionalDomain = 'Solutions for GIS'
List the tools used in Data Management.,SELECT * FROM data WHERE FunctionalDomain = 'Solutions for Data Management';
Which tools should I consider for Mobile Application Development Data Management GIS DevOps?,"SELECT * FROM data WHERE FunctionalDomain = 'Solutions for Mobile Application Development,Data Management,GIS,DevOps';"
What tool is commonly used in Data Analytics?,SELECT * FROM data WHERE FunctionalDomain = 'Solutions for Data Analytics';
What tools are recommended for Application Testing?,SELECT * FROM data WHERE FunctionalDomain = 'Solutions for Application Testing';
What tools are recommended for Portal e-Learning KMS BI etc?,"SELECT * FROM data WHERE FunctionalDomain = 'Solutions for Portal,e-Learning,KMS,BI,etc';"
List the tools used in Application Development and Deployment.,SELECT * FROM data WHERE FunctionalDomain = 'Solutions for Application Development and Deployment';
Which tools should I consider for Source Code Management Dev Ops & Documentation?,"SELECT * FROM data WHERE FunctionalDomain = 'Solutions for Source Code Management,Dev Ops & Documentation';"
What tool is commonly used in Infrastructure?,SELECT * FROM data WHERE FunctionalDomain = 'Solutions for Infrastructure';
What tools are recommended for GIS?,SELECT * FROM data WHERE FunctionalDomain = 'Solutions for GIS'
List the tools used in Data Management.,SELECT * FROM data WHERE FunctionalDomain = 'Solutions for Data Management';
Which tools should I consider for Mobile Application Development Data Management GIS DevOps?,"SELECT * FROM data WHERE FunctionalDomain = 'Solutions for Mobile Application Development,Data Management,GIS,DevOps';"
What tool is commonly used in Data Analytics?,SELECT * FROM data WHERE FunctionalDomain = 'Solutions for Data Analytics';
What tools are recommended for Application Testing?,SELECT * FROM data WHERE FunctionalDomain = 'Solutions for Application Testing';
What tools are recommended for Portal e-Learning KMS BI etc?,"SELECT * FROM data WHERE FunctionalDomain = 'Solutions for Portal,e-Learning,KMS,BI,etc';"
List the tools used in Application Development and Deployment.,SELECT * FROM data WHERE FunctionalDomain = 'Solutions for Application Development and Deployment';
Which tools should I consider for Source Code Management Dev Ops & Documentation?,"SELECT * FROM data WHERE FunctionalDomain = 'Solutions for Source Code Management,Dev Ops & Documentation';"
What tool is commonly used in Infrastructure?,SELECT * FROM data WHERE FunctionalDomain = 'Solutions for Infrastructure';
What tools are recommended for GIS?,SELECT * FROM data WHERE FunctionalDomain = 'Solutions for GIS'
List the tools used in Data Management.,SELECT * FROM data WHERE FunctionalDomain = 'Solutions for Data Management';
Which tools should I consider for Mobile Application Development Data Management GIS DevOps?,"SELECT * FROM data WHERE FunctionalDomain = 'Solutions for Mobile Application Development,Data Management,GIS,DevOps';"
What tool is commonly used in Data Analytics?,SELECT * FROM data WHERE FunctionalDomain = 'Solutions for Data Analytics';
What tools are recommended for Application Testing?,SELECT * FROM data WHERE FunctionalDomain = 'Solutions for Application Testing';
What tools are recommended for Portal e-Lrning KMS BI etc?,"SELECT * FROM data WHERE FunctionalDomain = 'Solutions for Portal,e-Learning,KMS,BI,etc';"
List the tools used in Application Dev and Deployement.,SELECT * FROM data WHERE FunctionalDomain = 'Solutions for Application Development and Deployment';
Which tools should I consider for Source Code Mgmt Dev Ops & Documntation?,"SELECT * FROM data WHERE FunctionalDomain = 'Solutions for Source Code Management,Dev Ops & Documentation';"
What tool is commonly used in Infrastrcture?,SELECT * FROM data WHERE FunctionalDomain = 'Solutions for Infrastructure';
What tools are recommended for GIS?,SELECT * FROM data WHERE FunctionalDomain = 'Solutions for GIS'
List the tools used in Data Mgmt.,SELECT * FROM data WHERE FunctionalDomain = 'Solutions for Data Management';
Which tools should I consider for Mobile App Dev Data Mgmt GIS DevOps?,"SELECT * FROM data WHERE FunctionalDomain = 'Solutions for Mobile Application Development,Data Management,GIS,DevOps';"
What tool is commonly used in Data Anlytics?,SELECT * FROM data WHERE FunctionalDomain = 'Solutions for Data Analytics';
What tools are recommended for Application Testng?,SELECT * FROM data WHERE FunctionalDomain = 'Solutions for Application Testing';
What tools are recommended for Portel e-Learning KMS BI etc?,"SELECT * FROM data WHERE FunctionalDomain = 'Solutions for Portal,e-Learning,KMS,BI,etc';"
What tools are recommended for Portal e-Lrning KMS Business Intelligence?,"SELECT * FROM data WHERE FunctionalDomain = 'Solutions for Portal,e-Learning,KMS,BI,etc';"
List the tools used in App Dev and Deployment.,SELECT * FROM data WHERE FunctionalDomain = 'Solutions for Application Development and Deployment';
"Which tools should I consider for Source Code Mgmt, DevOps & Documntation?","SELECT * FROM data WHERE FunctionalDomain = 'Solutions for Source Code Management,Dev Ops & Documentation';"
What tool is commonly used in Infrastrcture?,SELECT * FROM data WHERE FunctionalDomain = 'Solutions for Infrastructure';
What tools are recommended for Geographic Information Systems?,SELECT * FROM data WHERE FunctionalDomain = 'Solutions for GIS'
List the tools used in Data Mgmt.,SELECT * FROM data WHERE FunctionalDomain = 'Solutions for Data Management';
"Which tools should I consider for Mobile App Dev, Data Mgmt, GIS, and DevOps?","SELECT * FROM data WHERE FunctionalDomain = 'Solutions for Mobile Application Development,Data Management,GIS,DevOps';"
What tool is commonly used in Data Analysis?,SELECT * FROM data WHERE FunctionalDomain = 'Solutions for Data Analytics';
What tools are recommended for App Testing?,SELECT * FROM data WHERE FunctionalDomain = 'Solutions for Application Testing';
"What tools are recommended for Portal e-Learning KMS, Business Intelligence?","SELECT * FROM data WHERE FunctionalDomain = 'Solutions for Portal,e-Learning,KMS,BI,etc';"
What tools are recommended for Portal e-Lrning KMS Business Intelligence?,"SELECT * FROM data WHERE FunctionalDomain = 'Solutions for Portal,e-Learning,KMS,BI,etc';"
List the tools used in App Dev and Deployment.,SELECT * FROM data WHERE FunctionalDomain = 'Solutions for Application Development and Deployment';
"Which tools should I consider for Source Code Mgmt, DevOps & Documntation?","SELECT * FROM data WHERE FunctionalDomain = 'Solutions for Source Code Management,Dev Ops & Documentation';"
What tool is commonly used in Infrastrcture?,SELECT * FROM data WHERE FunctionalDomain = 'Solutions for Infrastructure';
What tools are recommended for Geographic Information Systems?,SELECT * FROM data WHERE FunctionalDomain = 'Solutions for GIS'
List the tools used in Data Mgmt.,SELECT * FROM data WHERE FunctionalDomain = 'Solutions for Data Management';
"Which tools should I consider for Mobile App Dev, Data Mgmt, GIS, and DevOps?","SELECT * FROM data WHERE FunctionalDomain = 'Solutions for Mobile Application Development,Data Management,GIS,DevOps';"
What tool is commonly used in Data Analysis?,SELECT * FROM data WHERE FunctionalDomain = 'Solutions for Data Analytics';
What tools are recommended for App Testing?,SELECT * FROM data WHERE FunctionalDomain = 'Solutions for Application Testing';
What tools are recommended for Portal e-Lrning KMS Business Intelligence?,"SELECT * FROM data WHERE FunctionalDomain = 'Solutions for Portal,e-Learning,KMS,BI,etc';"
List the tools used in App Dev and Deployment.,SELECT * FROM data WHERE FunctionalDomain = 'Solutions for Application Development and Deployment';
"Which tools should I consider for Source Code Mgmt, DevOps & Documntation?","SELECT * FROM data WHERE FunctionalDomain = 'Solutions for Source Code Management,Dev Ops & Documentation';"
What tool is commonly used in Infrastrcture?,SELECT * FROM data WHERE FunctionalDomain = 'Solutions for Infrastructure';
What tools are recommended for Geographic Information Systems?,SELECT * FROM data WHERE FunctionalDomain = 'Solutions for GIS'
List the tools used in Data Mgmt.,SELECT * FROM data WHERE FunctionalDomain = 'Solutions for Data Management';
"Which tools should I consider for Mobile App Dev, Data Mgmt, GIS, and DevOps?","SELECT * FROM data WHERE FunctionalDomain = 'Solutions for Mobile Application Development,Data Management,GIS,DevOps';"
What tool is commonly used in Data Analysis?,SELECT * FROM data WHERE FunctionalDomain = 'Solutions for Data Analytics';
What tools are recommended for App Testing?,SELECT * FROM data WHERE FunctionalDomain = 'Solutions for Application Testing';
What tools are recommended for Portal e-Lrning KMS Business Intelligence?,"SELECT * FROM data WHERE FunctionalDomain = 'Solutions for Portal,e-Learning,KMS,BI,etc';"
List the tools used in App Dev and Deployment.,SELECT * FROM data WHERE FunctionalDomain = 'Solutions for Application Development and Deployment';
"Which tools should I consider for Source Code Mgmt, DevOps & Documntation?","SELECT * FROM data WHERE FunctionalDomain = 'Solutions for Source Code Management,Dev Ops & Documentation';"
What tool is commonly used in Infrastrcture?,SELECT * FROM data WHERE FunctionalDomain = 'Solutions for Infrastructure';
What tools are recommended for Geographic Information Systems?,SELECT * FROM data WHERE FunctionalDomain = 'Solutions for GIS'
List the tools used in Data Mgmt.,SELECT * FROM data WHERE FunctionalDomain = 'Solutions for Data Management';
"Which tools should I consider for Mobile App Dev, Data Mgmt, GIS, and DevOps?","SELECT * FROM data WHERE FunctionalDomain = 'Solutions for Mobile Application Development,Data Management,GIS,DevOps';"
What tool is commonly used in Data Analysis?,SELECT * FROM data WHERE FunctionalDomain = 'Solutions for Data Analytics';
What tools are recommended for App Testing?,SELECT * FROM data WHERE FunctionalDomain = 'Solutions for Application Testing';
List the tools for Portal/CMS,SELECT * FROM data WHERE FunctionalArea = 'Portal/CMS'
What are the tools for Programming Language Client-side,SELECT * FROM data WHERE FunctionalArea = 'Programming Language Client-side'
What are the tools for Client-side Framework,SELECT * FROM data WHERE FunctionalArea = 'Client-side Framework'
What are the tools for Application Server,SELECT * FROM data WHERE FunctionalArea = 'Application Server'
What are the tools for Server Side Framework,SELECT * FROM data WHERE FunctionalArea = 'Server Side Framework'
What are the tools for Web Service Framework,SELECT * FROM data WHERE FunctionalArea = 'Web Service Framework'
What are the tools for Source Code Editor,SELECT * FROM data WHERE FunctionalArea = 'Source Code Editor'
What are the tools for Configuration Management for Distributed Systems,SELECT * FROM data WHERE FunctionalArea = 'Configuration Management for Distributed Systems'
What are the tools for GIS Desktop,SELECT * FROM data WHERE FunctionalArea = 'GIS Desktop'
What are the tools for Non-Relational Database (Big Data),SELECT * FROM data WHERE FunctionalArea = 'Non-Relational Database (Big Data)'
What are the tools for Mobile Native (iOS),SELECT * FROM data WHERE FunctionalArea = 'Mobile Native (iOS)'
What are the tools for Mobile Native (Android),SELECT * FROM data WHERE FunctionalArea = 'Mobile Native (Android)'
What are the tools for Messaging,SELECT * FROM data WHERE FunctionalArea = 'Messaging'
What are the tools for Analytics and Search Engine,SELECT * FROM data WHERE FunctionalArea = 'Analytics and Search Engine'
What are the tools for Testing,SELECT * FROM data WHERE FunctionalArea = 'Testing'
What are the tools for Build Tool,SELECT * FROM data WHERE FunctionalArea = 'Build Tool'
What are the tools for Video Conference,SELECT * FROM data WHERE FunctionalArea = 'Video Conference'
What are the tools for Source Code Control,SELECT * FROM data WHERE FunctionalArea = 'Source Code Control'
Which tools are used for Portal/CMS,SELECT * FROM data WHERE FunctionalArea = 'Portal/CMS'
Which tools are used for Programming Language Client-side,SELECT * FROM data WHERE FunctionalArea = 'Programming Language Client-side'
Which tools are used for Client-side Framework,SELECT * FROM data WHERE FunctionalArea = 'Client-side Framework'
Which tools are used for Application Server,SELECT * FROM data WHERE FunctionalArea = 'Application Server'
Which tools are used for Server Side Framework,SELECT * FROM data WHERE FunctionalArea = 'Server Side Framework'
What tools are recommended for managing Server Operating Systems?,SELECT * FROM data WHERE FunctionalArea = 'Server Operating System'
Show me the tools used for Mobile Native (iOS) development.,SELECT * FROM data WHERE FunctionalArea = 'Mobile Native (iOS)'
List all the tools for Database Replication.,SELECT * FROM data WHERE FunctionalArea = 'Database Replication'
Which tools are suitable for GIS Server management?,SELECT * FROM data WHERE FunctionalArea = 'GIS Server'
What are the tools commonly used in Business Intelligence (BI) solutions?,SELECT * FROM data WHERE FunctionalArea = 'Business Intelligence (BI)'
Show me tools for Virtualisation.,SELECT * FROM data WHERE FunctionalArea = 'Virtualisation'
What tools are associated with E-learning platforms?,SELECT * FROM data WHERE FunctionalArea = 'E-learning'
List tools for Source Code Control.,SELECT * FROM data WHERE FunctionalArea = 'Source Code Control'
Which tools should I use for Cross-platform application development?,SELECT * FROM data WHERE FunctionalArea = 'Cross-platform'
What tools are recommended for managing Containers?,SELECT * FROM data WHERE FunctionalArea = 'Containers'
Show me the tools used for Messaging.,SELECT * FROM data WHERE FunctionalArea = 'Messaging'
List all the tools for Web Service Framework.,SELECT * FROM data WHERE FunctionalArea = 'Web Service Framework'
Which tools are used for Application Server?,SELECT * FROM data WHERE FunctionalArea = 'Application Server'
What tools are commonly used in Testing?,SELECT * FROM data WHERE FunctionalArea = 'Testing'
Show me tools for Build Tool.,SELECT * FROM data WHERE FunctionalArea = 'Build Tool'
List tools for Video Conference.,SELECT * FROM data WHERE FunctionalArea = 'Video Conference'
Which tools are suitable for Server Side Framework?,SELECT * FROM data WHERE FunctionalArea = 'Server Side Framework'
What are the tools commonly used in Monitoring Solution?,SELECT * FROM data WHERE FunctionalArea = 'Monitoring Solution'
Show me tools for Configuration Management for Distributed Systems.,SELECT * FROM data WHERE FunctionalArea = 'Configuration Management for Distributed Systems'
List all the tools for Programming Language Client-side.,SELECT * FROM data WHERE FunctionalArea = 'Programming Language Client-side'
Which tools are used for GIS Desktop?,SELECT * FROM data WHERE FunctionalArea = 'GIS Desktop'
What tools are associated with Non-Relational Database (Big Data)?,SELECT * FROM data WHERE FunctionalArea = 'Non-Relational Database (Big Data)'
Show me tools used in Analytics and Search Engine.,SELECT * FROM data WHERE FunctionalArea = 'Analytics and Search Engine'
List tools for Source Code Editor.,SELECT * FROM data WHERE FunctionalArea = 'Source Code Editor'
Which tools should I use for Dashboard development?,SELECT * FROM data WHERE FunctionalArea = 'Dashboard'
What tools are recommended for managing Storage?,SELECT * FROM data WHERE FunctionalArea = 'Storage'
Show me tools used for In-Memory Database.,SELECT * FROM data WHERE FunctionalArea = 'In-Memory Database'
List all the tools for IDE.,SELECT * FROM data WHERE FunctionalArea = 'IDE'
Which tools are suitable for Application Life Cycle Management / Project Management?,SELECT * FROM data WHERE FunctionalArea = 'Application Life Cycle Management / Project Management'
What tools are commonly used in Database Reporting?,SELECT * FROM data WHERE FunctionalArea = 'Database Reporting'
Show me tools for Server-side API (GoLang).,SELECT * FROM data WHERE FunctionalArea = 'Server-side API (GoLang)'
List tools for Networking Platform/API.,SELECT * FROM data WHERE FunctionalArea = 'Networking Platform/API'
Which tools are used for Documentation?,SELECT * FROM data WHERE FunctionalArea = 'Documentation'
What tools are associated with Knowledge Management?,SELECT * FROM data WHERE FunctionalArea = 'Knowledge Management'
Show me tools used for Directory Services.,SELECT * FROM data WHERE FunctionalArea = 'Directory Services'
List all the tools for Issue Tracking.,SELECT * FROM data WHERE FunctionalArea = 'Issue Tracking'
Which tools should I use for Database Administration?,SELECT * FROM data WHERE FunctionalArea = 'Database Administration'
What tools are commonly used in Static Code Analysis?,SELECT * FROM data WHERE FunctionalArea = 'Static Code Analyzer'
Show me tools for Application Development and Deployment.,SELECT * FROM data WHERE FunctionalArea = 'Application Development and Deployment'
List tools for Cross-platform application development.,SELECT * FROM data WHERE FunctionalArea = 'Cross-platform'
Which tools are used for Monitoring Solution?,SELECT * FROM data WHERE FunctionalArea = 'Monitoring Solution'
What are the tools commonly used in GIS Server management?,SELECT * FROM data WHERE FunctionalArea = 'GIS Server'
Show me tools for Digital Archival Repository management.,SELECT * FROM data WHERE FunctionalArea = 'Digital Archival Repository'
List all the tools for E-learning platforms.,SELECT * FROM data WHERE FunctionalArea = 'E-learning'
Which tools are suitable for Cloud Platform solutions?,SELECT * FROM data WHERE FunctionalArea = 'Cloud Platform'
What tools are recommended for managing Application Life Cycle Management / Project Management?,SELECT * FROM data WHERE FunctionalArea = 'Application Life Cycle Management / Project Management'
Show me tools used for CI/CD.,SELECT * FROM data WHERE FunctionalArea = 'CI/CD'
List tools for Business Intelligence (BI) solutions.,SELECT * FROM data WHERE FunctionalArea = 'Business Intelligence (BI)'
Which tools should I use for Malware protection?,SELECT * FROM data WHERE FunctionalArea = 'Malware'
What tools are commonly used in In-Memory Database solutions?,SELECT * FROM data WHERE FunctionalArea = 'In-Memory Database'
Show me tools for Web / HTTP Server.,SELECT * FROM data WHERE FunctionalArea = 'Web / HTTP Server'
List all the tools for Networking Platform/API.,SELECT * FROM data WHERE FunctionalArea = 'Networking Platform/API'
Which tools are suitable for Knowledge Management?,SELECT * FROM data WHERE FunctionalArea = 'Knowledge Management'
What are the tools commonly used in Client-side API development?,SELECT * FROM data WHERE FunctionalArea = 'Client-side API'
Show me tools used for GIS Database management.,SELECT * FROM data WHERE FunctionalArea = 'GIS Database'
List tools for Video Conferencing solutions.,SELECT * FROM data WHERE FunctionalArea = 'Video Conference'
Which tools are used for Code review?,SELECT * FROM data WHERE FunctionalArea = 'Code review'
What tools are recommended for managing Static Code Analysis?,SELECT * FROM data WHERE FunctionalArea = 'Static Code Analyzer'
Show me tools for Source Code Editor.,SELECT * FROM data WHERE FunctionalArea = 'Source Code Editor'
List all the tools for Build Tool.,SELECT * FROM data WHERE FunctionalArea = 'Build Tool'
Which tools are suitable for Testing purposes?,SELECT * FROM data WHERE FunctionalArea = 'Testing'
What are the tools commonly used in Analytics and Search Engine solutions?,SELECT * FROM data WHERE FunctionalArea = 'Analytics and Search Engine'
Show me tools for Messaging platforms.,SELECT * FROM data WHERE FunctionalArea = 'Messaging'
What are the toools for PPrtal/CMS?,SELECT * FROM data WHERE FunctionalArea = 'Portal/CMS'
Show me tools used for Databae Replication.,SELECT * FROM data WHERE FunctionalArea = 'Database Replication'
List all the tools for Messaging platofrms.,SELECT * FROM data WHERE FunctionalArea = 'Messaging'
Whiich tools are used for Appplication Server?,SELECT * FROM data WHERE FunctionalArea = 'Application Server'
What are the tools commonly used in Bussiness Intelligence (BI) soltuions?,SELECT * FROM data WHERE FunctionalArea = 'Business Intelligence (BI)'
Show me tools for Vrtualization.,SELECT * FROM data WHERE FunctionalArea = 'Virtualisation'
What tools are associated with E-learnig platforms?,SELECT * FROM data WHERE FunctionalArea = 'E-learning'
List tools for Source Code Control.,SELECT * FROM data WHERE FunctionalArea = 'Source Code Control'
Which tools should I use for Cross-platfrom application development?,SELECT * FROM data WHERE FunctionalArea = 'Cross-platform'
What tools are recommended for managing Containers?,SELECT * FROM data WHERE FunctionalArea = 'Containers'
Show me tools used for Mssaging.,SELECT * FROM data WHERE FunctionalArea = 'Messaging'
List all the tools for Web Service Framewrok.,SELECT * FROM data WHERE FunctionalArea = 'Web Service Framework'
Which tools are used for Appllication Server?,SELECT * FROM data WHERE FunctionalArea = 'Application Server'
What tools are commonly used in Testng?,SELECT * FROM data WHERE FunctionalArea = 'Testing'
Show me tools for Buid Tool.,SELECT * FROM data WHERE FunctionalArea = 'Build Tool'
List tools for Video Converence.,SELECT * FROM data WHERE FunctionalArea = 'Video Conference'
Which tools are suitable for Server Side Framwork?,SELECT * FROM data WHERE FunctionalArea = 'Server Side Framework'
What are the tools commonly used in Monitiring Solution?,SELECT * FROM data WHERE FunctionalArea = 'Monitoring Solution'
Show me tools for Confirguration Management for Distributed Systems.,SELECT * FROM data WHERE FunctionalArea = 'Configuration Management for Distributed Systems'
List all the tools for Programming Language Clent-side.,SELECT * FROM data WHERE FunctionalArea = 'Programming Language Client-side'
Which tools are used for GIS Destop?,SELECT * FROM data WHERE FunctionalArea = 'GIS Desktop'
What tools are associated with Non-Relational Database (Big Data)?,SELECT * FROM data WHERE FunctionalArea = 'Non-Relational Database (Big Data)'
Show me tools used in Analyics and Search Engine.,SELECT * FROM data WHERE FunctionalArea = 'Analytics and Search Engine'
List tools for Sorce Code Editor.,SELECT * FROM data WHERE FunctionalArea = 'Source Code Editor'
Which tools should I use for Dshboard development?,SELECT * FROM data WHERE FunctionalArea = 'Dashboard'
What tools are recommended for managing Storge?,SELECT * FROM data WHERE FunctionalArea = 'Storage'
Show me tools used for In-Memry Database.,SELECT * FROM data WHERE FunctionalArea = 'In-Memory Database'
List all the tools for IDE.,SELECT * FROM data WHERE FunctionalArea = 'IDE'
Which tools are suitable for Application Life Cycle Managemnt / Project Management?,SELECT * FROM data WHERE FunctionalArea = 'Application Life Cycle Management / Project Management'
What tools are commonly used in Databae Reporting?,SELECT * FROM data WHERE FunctionalArea = 'Database Reporting'
Show me tools for Server-side API (GoLang).,SELECT * FROM data WHERE FunctionalArea = 'Server-side API (GoLang)'
List tools for Networkig Platform/API.,SELECT * FROM data WHERE FunctionalArea = 'Networking Platform/API'
Which tools are used for Documentaion?,SELECT * FROM data WHERE FunctionalArea = 'Documentation'
What tools are associated with Knowlege Management?,SELECT * FROM data WHERE FunctionalArea = 'Knowledge Management'
Show me tools used for Directoy Services.,SELECT * FROM data WHERE FunctionalArea = 'Directory Services'
List all the tools for Issue Traking.,SELECT * FROM data WHERE FunctionalArea = 'Issue Tracking'
Which tools should I use for Databae Administration?,SELECT * FROM data WHERE FunctionalArea = 'Database Administration'
What tools are commonly used in Static Code Analyis?,SELECT * FROM data WHERE FunctionalArea = 'Static Code Analyzer'
Show me tools for Application Developemnt and Deployment.,SELECT * FROM data WHERE FunctionalArea = 'Application Development and Deployment'
List tools for Cross-platfrom application developement.,SELECT * FROM data WHERE FunctionalArea = 'Cross-platform'
Which tools are used for Monitring Solution?,SELECT * FROM data WHERE FunctionalArea = 'Monitoring Solution'
What are the tools commonly used in GIS Server managemnt?,SELECT * FROM data WHERE FunctionalArea = 'GIS Server'
Show me tools for Digital Archival Repsitory managment.,SELECT * FROM data WHERE FunctionalArea = 'Digital Archival Repository'
List all the tools for E-learing platforms.,SELECT * FROM data WHERE FunctionalArea = 'E-learning'
Which tools are suitable for Cloud Platfrm solutions?,SELECT * FROM data WHERE FunctionalArea = 'Cloud Platform'
What tools are recommended for managing Applciation Life Cycle Managemnt / Project Management?,SELECT * FROM data WHERE FunctionalArea = 'Application Life Cycle Management / Project Management'
Show me tools used for CI/CD.,SELECT * FROM data WHERE FunctionalArea = 'CI/CD'
List tools for Buisness Intelligence (BI) solutions.,SELECT * FROM data WHERE FunctionalArea = 'Business Intelligence (BI)'
Which tools should I use for Malware protction?,SELECT * FROM data WHERE FunctionalArea = 'Malware'
What tools are commonly used in In-Memery Database solutons?,SELECT * FROM data WHERE FunctionalArea = 'In-Memory Database'
Show me tools for Web / HTTP Server.,SELECT * FROM data WHERE FunctionalArea = 'Web / HTTP Server'
List all the tools for Netowrking Platform/API.,SELECT * FROM data WHERE FunctionalArea = 'Networking Platform/API'
Which tools are suitable for Knowlege Managemnt?,SELECT * FROM data WHERE FunctionalArea = 'Knowledge Management'
What are the tools commonly used in Cleint-side API developement?,SELECT * FROM data WHERE FunctionalArea = 'Client-side API'
Show me tools used for GIS Databse managemet.,SELECT * FROM data WHERE FunctionalArea = 'GIS Database'
List tools for Video Conferencig solutons.,SELECT * FROM data WHERE FunctionalArea = 'Video Conference'
Which tools are used for Code rewiew?,SELECT * FROM data WHERE FunctionalArea = 'Code review'
What tools are recommended for managing Static Code Analisys?,SELECT * FROM data WHERE FunctionalArea = 'Static Code Analyzer'
Show me tools for Source Code Editor.,SELECT * FROM data WHERE FunctionalArea = 'Source Code Editor'
List all the tools for Buid Tool.,SELECT * FROM data WHERE FunctionalArea = 'Build Tool'
Which tools are suitable for Testng purpoees?,SELECT * FROM data WHERE FunctionalArea = 'Testing'
What are the tools commonly used in Analytics and Serach Engine solutons?,SELECT * FROM data WHERE FunctionalArea = 'Analytics and Search Engine'
Show me tools for Messging platfors.,"SELECT * FROM data WHERE FunctionalArea = 'Messaging'
What are the tools for Portal/CNS?,SELECT * FROM data WHERE FunctionalArea = 'Portal/CMS'"""
Show me the tools for Programming Language Client-sied.,SELECT * FROM data WHERE FunctionalArea = 'Programming Language Client-side'
What are the tools for Client-side Framwork?,SELECT * FROM data WHERE FunctionalArea = 'Client-side Framework'
What are the tools for Application Srever?,SELECT * FROM data WHERE FunctionalArea = 'Application Server'
What are the tools for Server Side Framwork?,SELECT * FROM data WHERE FunctionalArea = 'Server Side Framework'
What are the tools for Web Service Framwork?,SELECT * FROM data WHERE FunctionalArea = 'Web Service Framework'
What are the tools for Source Code Editr?,SELECT * FROM data WHERE FunctionalArea = 'Source Code Editor'
What are the tools for Configuration Management for Disributed Systems?,SELECT * FROM data WHERE FunctionalArea = 'Configuration Management for Distributed Systems'
What are the tools for GIS Deskotp?,SELECT * FROM data WHERE FunctionalArea = 'GIS Desktop'
What are the tools for Non-Relational Databse (Big Data)?,SELECT * FROM data WHERE FunctionalArea = 'Non-Relational Database (Big Data)'
What are the tools for Mibile Native (iOS)?,SELECT * FROM data WHERE FunctionalArea = 'Mobile Native (iOS)'
What are the tools for Mobile Natie (Android)?,SELECT * FROM data WHERE FunctionalArea = 'Mobile Native (Android)'
What are the tools for Mesaging?,SELECT * FROM data WHERE FunctionalArea = 'Messaging'
What are the tools for Analytics and Serch Engine?,SELECT * FROM data WHERE FunctionalArea = 'Analytics and Search Engine'
What are the tools for Testng?,SELECT * FROM data WHERE FunctionalArea = 'Testing'
What are the tools for Bild Tool?,SELECT * FROM data WHERE FunctionalArea = 'Build Tool'
What are the tools for Video Confernce?,SELECT * FROM data WHERE FunctionalArea = 'Video Conference'
What are the tools for Source Code Contol?,SELECT * FROM data WHERE FunctionalArea = 'Source Code Control'
What are the tools for Cros-platform?,SELECT * FROM data WHERE FunctionalArea = 'Cross-platform'
What are the tools for Programming Language Server-side and Libray?,SELECT * FROM data WHERE FunctionalArea = 'Programming Language Server-side and Library'
What are the tools for Monitorig Solution?,SELECT * FROM data WHERE FunctionalArea = 'Monitoring Solution'
What are the tools for Database Reportng?,SELECT * FROM data WHERE FunctionalArea = 'Database Reporting'
What are the tools for Server-side API (GooLang)?,SELECT * FROM data WHERE FunctionalArea = 'Server-side API (GoLang)'
What are the tools for Deskop Operating System?,SELECT * FROM data WHERE FunctionalArea = 'Desktop Operating System'
What are the tools for Command Lne Interface?,SELECT * FROM data WHERE FunctionalArea = 'Command Line Interface'
What are the tools for Dashbord?,SELECT * FROM data WHERE FunctionalArea = 'Dashboard'
What are the tools for Storge?,SELECT * FROM data WHERE FunctionalArea = 'Storage'
What are the tools for Server Oprating System?,SELECT * FROM data WHERE FunctionalArea = 'Server Operating System'
What are the tools for Contaiers?,SELECT * FROM data WHERE FunctionalArea = 'Containers'
What are the tools for Object Relatonal Mapping?,SELECT * FROM data WHERE FunctionalArea = 'Object Relational Mapping'
What are the tools for Digital Archival Repositry?,SELECT * FROM data WHERE FunctionalArea = 'Digital Archival Repository'
What are the tools for ID?,SELECT * FROM data WHERE FunctionalArea = 'IDE'
What are the tools for Instant Mesaging?,SELECT * FROM data WHERE FunctionalArea = 'Instant Messaging'
What are the tools for Data Managemnt?,SELECT * FROM data WHERE FunctionalArea = 'Data Management'
What are the tools for Integrated Library Sysems?,SELECT * FROM data WHERE FunctionalArea = 'Integrated Library Systems'
What are the tools for GIS Serer?,SELECT * FROM data WHERE FunctionalArea = 'GIS Server'
What are the tools for Code reveiw?,SELECT * FROM data WHERE FunctionalArea = 'Code review'
What are the tools for CI/CCD?,SELECT * FROM data WHERE FunctionalArea = 'CI/CD'
What are the tools for Cloud Platfrm?,SELECT * FROM data WHERE FunctionalArea = 'Cloud Platform'
What are the tools for Business Intelligence (IB)?,SELECT * FROM data WHERE FunctionalArea = 'Business Intelligence (BI)'
What are the tools for Docmentation?,SELECT * FROM data WHERE FunctionalArea = 'Documentation'
What are the tools for Maleware?,SELECT * FROM data WHERE FunctionalArea = 'Malware'
What are the tools for In-Memory Datbase?,SELECT * FROM data WHERE FunctionalArea = 'In-Memory Database'
What are the tools for E-learnng?,SELECT * FROM data WHERE FunctionalArea = 'E-learning'
What are the tools for GIS Databse?,SELECT * FROM data WHERE FunctionalArea = 'GIS Database'
What are the tools for Web / HTTP Sevrer?,SELECT * FROM data WHERE FunctionalArea = 'Web / HTTP Server'
What are the tools for Networking Platfrm/API?,SELECT * FROM data WHERE FunctionalArea = 'Networking Platform/API'
What are the tools for Knowlege Management?,SELECT * FROM data WHERE FunctionalArea = 'Knowledge Management'
What are the tools for Client-side AIP?,SELECT * FROM data WHERE FunctionalArea = 'Client-side API'
What are the tools for Dirctory Services?,SELECT * FROM data WHERE FunctionalArea = 'Directory Services'
What are the tools for Isue Tracking?,SELECT * FROM data WHERE FunctionalArea = 'Issue Tracking'
What are the tools for Datbase Administration?,SELECT * FROM data WHERE FunctionalArea = 'Database Administration'
What are the tools for Static Code Analyser?,SELECT * FROM data WHERE FunctionalArea = 'Static Code Analyzer'
What are the tools for Virtualiztion?,SELECT * FROM data WHERE FunctionalArea = 'Virtualisation'
What are the tools for Application Life Cycle Managemnt / Project Management?,SELECT * FROM data WHERE FunctionalArea = 'Application Life Cycle Management / Project Management'
What are the tools for Databse Replication?,SELECT * FROM data WHERE FunctionalArea = 'Database Replication'
What are the tools for Server-side AIP?,SELECT * FROM data WHERE FunctionalArea = 'Server-side API'
What are the tools for NewSQ?,SELECT * FROM data WHERE FunctionalArea = 'NewSQL'
What are the tools for VNP?,SELECT * FROM data WHERE FunctionalArea = 'VPN'
What are the tools for Mail System?,SELECT * FROM data WHERE FunctionalArea = 'Mail'
What are the tools for Knowledge Managemnt?,SELECT * FROM data WHERE FunctionalArea = 'Knowledge Management'
Which tools are used for Portal/CNS?,SELECT * FROM data WHERE FunctionalArea = 'Portal/CMS'
Which tools are used for Programming Language Client-sied?,SELECT * FROM data WHERE FunctionalArea = 'Programming Language Client-side'
Which tools are used for Client-side Framwork?,SELECT * FROM data WHERE FunctionalArea = 'Client-side Framework'
Which tools are used for Application Srever?,SELECT * FROM data WHERE FunctionalArea = 'Application Server'
Which tools are used for Server Side Framwork?,SELECT * FROM data WHERE FunctionalArea = 'Server Side Framework'
Which tools are used for Web Service Framwork?,SELECT * FROM data WHERE FunctionalArea = 'Web Service Framework'
Which tools are used for Source Code Editr?,SELECT * FROM data WHERE FunctionalArea = 'Source Code Editor'
Which tools are used for Configuration Management for Disributed Systems?,SELECT * FROM data WHERE FunctionalArea = 'Configuration Management for Distributed Systems'
Which tools are used for GIS Deskotp?,SELECT * FROM data WHERE FunctionalArea = 'GIS Desktop'
Which tools are used for Non-Relational Databse (Big Data)?,SELECT * FROM data WHERE FunctionalArea = 'Non-Relational Database (Big Data)'
Which tools are used for Mibile Native (iOS)?,SELECT * FROM data WHERE FunctionalArea = 'Mobile Native (iOS)'
Which tools are used for Mobile Natie (Android)?,SELECT * FROM data WHERE FunctionalArea = 'Mobile Native (Android)'
Which tools are used for Mesaging?,SELECT * FROM data WHERE FunctionalArea = 'Messaging'
Which tools are used for Analytics and Serch Engine?,SELECT * FROM data WHERE FunctionalArea = 'Analytics and Search Engine'
Which tools are used for Testng?,SELECT * FROM data WHERE FunctionalArea = 'Testing'
Which tools are used for Bild Tool?,SELECT * FROM data WHERE FunctionalArea = 'Build Tool'
Which tools are used for Video Confernce?,SELECT * FROM data WHERE FunctionalArea = 'Video Conference'
Which tools are used for Source Code Contol?,SELECT * FROM data WHERE FunctionalArea = 'Source Code Control'
Which tools are used for Cros-platform?,SELECT * FROM data WHERE FunctionalArea = 'Cross-platform'
Which tools are used for Programming Language Server-side and Libray?,SELECT * FROM data WHERE FunctionalArea = 'Programming Language Server-side and Library'
Which tools are used for Monitorig Solution?,SELECT * FROM data WHERE FunctionalArea = 'Monitoring Solution'
Which tools are used for Database Reportng?,SELECT * FROM data WHERE FunctionalArea = 'Database Reporting'
Which tools are used for Server-side API (GooLang)?,SELECT * FROM data WHERE FunctionalArea = 'Server-side API (GoLang)'
Which tools are used for Deskop Operating System?,SELECT * FROM data WHERE FunctionalArea = 'Desktop Operating System'
Which tools are used for Command Lne Interface?,SELECT * FROM data WHERE FunctionalArea = 'Command Line Interface'
Which tools are used for Dashbord?,SELECT * FROM data WHERE FunctionalArea = 'Dashboard'
Which tools are used for Storge?,SELECT * FROM data WHERE FunctionalArea = 'Storage'
Which tools are used for Server Oprating System?,SELECT * FROM data WHERE FunctionalArea = 'Server Operating System'
Which tools are used for Contaiers?,SELECT * FROM data WHERE FunctionalArea = 'Containers'
Which tools are used for Object Relatonal Mapping?,SELECT * FROM data WHERE FunctionalArea = 'Object Relational Mapping'
Which tools are used for Digital Archival Repositry?,SELECT * FROM data WHERE FunctionalArea = 'Digital Archival Repository'
Which tools are used for ID?,SELECT * FROM data WHERE FunctionalArea = 'IDE'
Which tools are used for Instant Mesaging?,SELECT * FROM data WHERE FunctionalArea = 'Instant Messaging'
Which tools are used for Data Managemnt?,SELECT * FROM data WHERE FunctionalArea = 'Data Management'
Which tools are used for Integrated Library Sysems?,SELECT * FROM data WHERE FunctionalArea = 'Integrated Library Systems'
Which tools are used for GIS Serer?,SELECT * FROM data WHERE FunctionalArea = 'GIS Server'
Which tools are used for Code reveiw?,SELECT * FROM data WHERE FunctionalArea = 'Code review'
Which tools are used for CI/CCD?,SELECT * FROM data WHERE FunctionalArea = 'CI/CD'
Which tools are used for Cloud Platfrm?,SELECT * FROM data WHERE FunctionalArea = 'Cloud Platform'
Which tools are used for Business Intelligence (IB)?,SELECT * FROM data WHERE FunctionalArea = 'Business Intelligence (BI)'
Which tools are used for Docmentation?,SELECT * FROM data WHERE FunctionalArea = 'Documentation'
Which tools are used for Maleware?,SELECT * FROM data WHERE FunctionalArea = 'Malware'
Which tools are used for In-Memory Datbase?,SELECT * FROM data WHERE FunctionalArea = 'In-Memory Database'
Which tools are used for E-learnng?,SELECT * FROM data WHERE FunctionalArea = 'E-learning'
Which tools are used for GIS Databse?,SELECT * FROM data WHERE FunctionalArea = 'GIS Database'
Which tools are used for Web / HTTP Sevrer?,SELECT * FROM data WHERE FunctionalArea = 'Web / HTTP Server'
Which tools are used for Networking Platfrm/API?,SELECT * FROM data WHERE FunctionalArea = 'Networking Platform/API'
Which tools are used for Knowlege Management?,SELECT * FROM data WHERE FunctionalArea = 'Knowledge Management'
Which tools are used for Client-side AIP?,SELECT * FROM data WHERE FunctionalArea = 'Client-side API'
Which tools are used for Dirctory Services?,SELECT * FROM data WHERE FunctionalArea = 'Directory Services'
Which tools are used for Isue Tracking?,SELECT * FROM data WHERE FunctionalArea = 'Issue Tracking'
Which tools are used for Datbase Administration?,SELECT * FROM data WHERE FunctionalArea = 'Database Administration'
Which tools are used for Static Code Analyser?,SELECT * FROM data WHERE FunctionalArea = 'Static Code Analyzer'
Which tools are used for Virtualiztion?,SELECT * FROM data WHERE FunctionalArea = 'Virtualisation'
Which tools are used for Application Life Cycle Managemnt / Project Management?,SELECT * FROM data WHERE FunctionalArea = 'Application Life Cycle Management / Project Management'
Which tools are used for Databse Replication?,SELECT * FROM data WHERE FunctionalArea = 'Database Replication'
Which tools are used for Server-side AIP?,SELECT * FROM data WHERE FunctionalArea = 'Server-side API'
Which tools are used for NewSQ?,SELECT * FROM data WHERE FunctionalArea = 'NewSQL'
Which tools are used for VNP?,SELECT * FROM data WHERE FunctionalArea = 'VPN'
Which tools are used for Mail System?,SELECT * FROM data WHERE FunctionalArea = 'Mail'
Which tools are used for Knowledge Managemnt?,SELECT * FROM data WHERE FunctionalArea = 'Knowledge Management'
What tools are recommended for Server OS?,SELECT * FROM data WHERE FunctionalArea = 'Server Operating System'
Show me the tools used for Native (iOS) dev.,SELECT * FROM data WHERE FunctionalArea = 'Mobile Native (iOS)'
List all the tools for DB Replication.,SELECT * FROM data WHERE FunctionalArea = 'Database Replication'
Which tools are suitable for GIS Server mgmt?,SELECT * FROM data WHERE FunctionalArea = 'GIS Server'
What are the tools used in BI solutions?,SELECT * FROM data WHERE FunctionalArea = 'Business Intelligence (BI)'
Show me tools for Virtualisation.,SELECT * FROM data WHERE FunctionalArea = 'Virtualisation'
What tools are associated with E-learning?,SELECT * FROM data WHERE FunctionalArea = 'E-learning'
List tools for Source Code Ctrl.,SELECT * FROM data WHERE FunctionalArea = 'Source Code Control'
Which tools should I use for Cross-platform dev?,SELECT * FROM data WHERE FunctionalArea = 'Cross-platform'
What tools are recommended for Containers?,SELECT * FROM data WHERE FunctionalArea = 'Containers'
Show me the tools used for Messaging.,SELECT * FROM data WHERE FunctionalArea = 'Messaging'
List all the tools for Web Service FW.,SELECT * FROM data WHERE FunctionalArea = 'Web Service Framework'
Which tools are used for App Server?,SELECT * FROM data WHERE FunctionalArea = 'Application Server'
What tools are commonly used in Testing?,SELECT * FROM data WHERE FunctionalArea = 'Testing'
Show me tools for Build Tool.,SELECT * FROM data WHERE FunctionalArea = 'Build Tool'
List tools for Video Conf.,SELECT * FROM data WHERE FunctionalArea = 'Video Conference'
Which tools are suitable for Server Side FW?,SELECT * FROM data WHERE FunctionalArea = 'Server Side Framework'
What are the tools used in Monitoring Sol.?,SELECT * FROM data WHERE FunctionalArea = 'Monitoring Solution'
Show me tools for Config Mgmt for Dist Sys.,SELECT * FROM data WHERE FunctionalArea = 'Configuration Management for Distributed Systems'
List all the tools for Client-side Lang.,SELECT * FROM data WHERE FunctionalArea = 'Programming Language Client-side'
Which tools are used for GIS Desktop?,SELECT * FROM data WHERE FunctionalArea = 'GIS Desktop'
What tools are associated with Big Data?,SELECT * FROM data WHERE FunctionalArea = 'Non-Relational Database (Big Data)'
Show me tools used in Analytics & Search.,SELECT * FROM data WHERE FunctionalArea = 'Analytics and Search Engine'
List tools for Source Code Edit.,SELECT * FROM data WHERE FunctionalArea = 'Source Code Editor'
Which tools should I use for Dashboards?,SELECT * FROM data WHERE FunctionalArea = 'Dashboard'
What tools are recommended for Storage?,SELECT * FROM data WHERE FunctionalArea = 'Storage'
Show me tools for In-Memory DB.,SELECT * FROM data WHERE FunctionalArea = 'In-Memory Database'
List all the tools for IDE.,SELECT * FROM data WHERE FunctionalArea = 'IDE'
Which tools are suitable for App Lifecycle Mgmt?,SELECT * FROM data WHERE FunctionalArea = 'Application Life Cycle Management / Project Management'
What tools are commonly used in DB Reporting?,SELECT * FROM data WHERE FunctionalArea = 'Database Reporting'
Show me tools for GoLang API.,SELECT * FROM data WHERE FunctionalArea = 'Server-side API (GoLang)'
List tools for Networking API.,SELECT * FROM data WHERE FunctionalArea = 'Networking Platform/API'
Which tools are used for Docs?,SELECT * FROM data WHERE FunctionalArea = 'Documentation'
What tools are associated with KM?,SELECT * FROM data WHERE FunctionalArea = 'Knowledge Management'
Show me tools used for Directory Serv.,SELECT * FROM data WHERE FunctionalArea = 'Directory Services'
List all the tools for Issue Tracking.,SELECT * FROM data WHERE FunctionalArea = 'Issue Tracking'
Which tools should I use for DB Admin?,SELECT * FROM data WHERE FunctionalArea = 'Database Administration'
What tools are commonly used in Static Code Analysis?,SELECT * FROM data WHERE FunctionalArea = 'Static Code Analyzer'
Show me tools for App Dev & Deploy.,SELECT * FROM data WHERE FunctionalArea = 'Application Development and Deployment'
List tools for Cross-platform dev.,SELECT * FROM data WHERE FunctionalArea = 'Cross-platform'
Which tools are used for Monitoring Sol.?,SELECT * FROM data WHERE FunctionalArea = 'Monitoring Solution'
What are the tools commonly used in GIS Server mgmt?,SELECT * FROM data WHERE FunctionalArea = 'GIS Server'
Show me tools for Digital Archive Repo.,SELECT * FROM data WHERE FunctionalArea = 'Digital Archival Repository'
List all the tools for E-learning platforms.,SELECT * FROM data WHERE FunctionalArea = 'E-learning'
Which tools are suitable for Cloud Platform?,SELECT * FROM data WHERE FunctionalArea = 'Cloud Platform'
What tools are recommended for App Lifecycle Mgmt?,SELECT * FROM data WHERE FunctionalArea = 'Application Life Cycle Management / Project Management'
Show me tools used for CI/CD.,SELECT * FROM data WHERE FunctionalArea = 'CI/CD'
List tools for BI solutions.,SELECT * FROM data WHERE FunctionalArea = 'Business Intelligence (BI)'
Which tools should I use for Malware protection?,SELECT * FROM data WHERE FunctionalArea = 'Malware'
What tools are commonly used in In-Memory DB?,SELECT * FROM data WHERE FunctionalArea = 'In-Memory Database'
Show me tools for Web / HTTP Server.,SELECT * FROM data WHERE FunctionalArea = 'Web / HTTP Server'
List all the tools for Networking API.,SELECT * FROM data WHERE FunctionalArea = 'Networking Platform/API'
Which tools are suitable for KM?,SELECT * FROM data WHERE FunctionalArea = 'Knowledge Management'
What are the tools used in Client-side API dev?,SELECT * FROM data WHERE FunctionalArea = 'Client-side API'
Show me tools used for GIS DB mgmt?,SELECT * FROM data WHERE FunctionalArea = 'GIS Database'
List tools for Video Conf. solutions.,SELECT * FROM data WHERE FunctionalArea = 'Video Conference'
Which tools are used for Code review?,SELECT * FROM data WHERE FunctionalArea = 'Code review'
What tools are recommended for Static Code Analysis?,SELECT * FROM data WHERE FunctionalArea = 'Static Code Analyzer'
Show me tools for Source Code Edit.,SELECT * FROM data WHERE FunctionalArea = 'Source Code Editor'
List all the tools for Build Tool.,SELECT * FROM data WHERE FunctionalArea = 'Build Tool'
Which tools are suitable for Testing purposes?,SELECT * FROM data WHERE FunctionalArea = 'Testing'
What are the tools commonly used in Analytics & Search?,SELECT * FROM data WHERE FunctionalArea = 'Analytics and Search Engine'
Show me tools for Messaging platforms.,SELECT * FROM data WHERE FunctionalArea = 'Messaging'
What tools are recommended for Server OS?,SELECT * FROM data WHERE FunctionalArea = 'Server Operating System'
Show me tools for Mobile Native iOS dev.,SELECT * FROM data WHERE FunctionalArea = 'Mobile Native (iOS)'
List tools for DB Replication.,SELECT * FROM data WHERE FunctionalArea = 'Database Replication'
Which tools for GIS Server mgmt?,SELECT * FROM data WHERE FunctionalArea = 'GIS Server'
What tools in BI solutions?,SELECT * FROM data WHERE FunctionalArea = 'Business Intelligence (BI)'
Tools for Virtualisation?,SELECT * FROM data WHERE FunctionalArea = 'Virtualisation'
Tools for E-learning?,SELECT * FROM data WHERE FunctionalArea = 'E-learning'
Tools for Source Code Ctrl.,SELECT * FROM data WHERE FunctionalArea = 'Source Code Control'
Cross-platform app dev tools?,SELECT * FROM data WHERE FunctionalArea = 'Cross-platform'
Tools for managing Containers?,SELECT * FROM data WHERE FunctionalArea = 'Containers'
Tools for Msging?,SELECT * FROM data WHERE FunctionalArea = 'Messaging'
Tools for Web Svc Framework?,SELECT * FROM data WHERE FunctionalArea = 'Web Service Framework'
Tools for App Server?,SELECT * FROM data WHERE FunctionalArea = 'Application Server'
Testing tools?,SELECT * FROM data WHERE FunctionalArea = 'Testing'
Tools for Build?,SELECT * FROM data WHERE FunctionalArea = 'Build Tool'
Tools for Video Conf?,SELECT * FROM data WHERE FunctionalArea = 'Video Conference'
Server Side Framework tools?,SELECT * FROM data WHERE FunctionalArea = 'Server Side Framework'
Monitoring tools?,SELECT * FROM data WHERE FunctionalArea = 'Monitoring Solution'
Config Mgmt for Dist Systems?,SELECT * FROM data WHERE FunctionalArea = 'Configuration Management for Distributed Systems'
Tools for Client-side Prog Lang?,SELECT * FROM data WHERE FunctionalArea = 'Programming Language Client-side'
GIS Desktop tools?,SELECT * FROM data WHERE FunctionalArea = 'GIS Desktop'
Tools for NoSQL DB (Big Data)?,SELECT * FROM data WHERE FunctionalArea = 'Non-Relational Database (Big Data)'
Analytics/Search tools?,SELECT * FROM data WHERE FunctionalArea = 'Analytics and Search Engine'
Source Code Editor tools?,SELECT * FROM data WHERE FunctionalArea = 'Source Code Editor'
Dashboard dev tools?,SELECT * FROM data WHERE FunctionalArea = 'Dashboard'
Storage tools?,SELECT * FROM data WHERE FunctionalArea = 'Storage'
In-Mem DB tools?,SELECT * FROM data WHERE FunctionalArea = 'In-Memory Database'
IDE tools?,SELECT * FROM data WHERE FunctionalArea = 'IDE'
App Life Cycle Mgmt tools?,SELECT * FROM data WHERE FunctionalArea = 'Application Life Cycle Management / Project Management'
DB Reporting tools?,SELECT * FROM data WHERE FunctionalArea = 'Database Reporting'
Server-side API (GoLang) tools?,SELECT * FROM data WHERE FunctionalArea = 'Server-side API (GoLang)'
Net Platform/API tools?,SELECT * FROM data WHERE FunctionalArea = 'Networking Platform/API'
Doc tools?,SELECT * FROM data WHERE FunctionalArea = 'Documentation'
KM tools?,SELECT * FROM data WHERE FunctionalArea = 'Knowledge Management'
Dir Svcs tools?,SELECT * FROM data WHERE FunctionalArea = 'Directory Services'
Issue Tracking tools?,SELECT * FROM data WHERE FunctionalArea = 'Issue Tracking'
DB Admin tools?,SELECT * FROM data WHERE FunctionalArea = 'Database Administration'
Static Code Analysis tools?,SELECT * FROM data WHERE FunctionalArea = 'Static Code Analyzer'
App Dev/Deploy tools?,SELECT * FROM data WHERE FunctionalArea = 'Application Development and Deployment'
Cross-platform tools?,SELECT * FROM data WHERE FunctionalArea = 'Cross-platform'
Monitoring tools?,SELECT * FROM data WHERE FunctionalArea = 'Monitoring Solution'
GIS Srv tools?,SELECT * FROM data WHERE FunctionalArea = 'GIS Server'
Digital Archive Repo tools?,SELECT * FROM data WHERE FunctionalArea = 'Digital Archival Repository'
E-learning platform tools?,SELECT * FROM data WHERE FunctionalArea = 'E-learning'
Cloud Platform tools?,SELECT * FROM data WHERE FunctionalArea = 'Cloud Platform'
Proj Mgmt tools?,SELECT * FROM data WHERE FunctionalArea = 'Application Life Cycle Management / Project Management'
CI/CD tools?,SELECT * FROM data WHERE FunctionalArea = 'CI/CD'
BI tools?,SELECT * FROM data WHERE FunctionalArea = 'Business Intelligence (BI)'
Malware tools?,SELECT * FROM data WHERE FunctionalArea = 'Malware'
In-Memory DB tools?,SELECT * FROM data WHERE FunctionalArea = 'In-Memory Database'
Web/HTTP Srv tools?,SELECT * FROM data WHERE FunctionalArea = 'Web / HTTP Server'
Networking API tools?,SELECT * FROM data WHERE FunctionalArea = 'Networking Platform/API'
Knowledge Mgmt tools?,SELECT * FROM data WHERE FunctionalArea = 'Knowledge Management'
Client-side API tools?,SELECT * FROM data WHERE FunctionalArea = 'Client-side API'
GIS DB tools?,SELECT * FROM data WHERE FunctionalArea = 'GIS Database'
Video Conf tools?,SELECT * FROM data WHERE FunctionalArea = 'Video Conference'
Code Review tools?,SELECT * FROM data WHERE FunctionalArea = 'Code review'
Static Code Analy tools?,SELECT * FROM data WHERE FunctionalArea = 'Static Code Analyzer'
Source Code Edit tools?,SELECT * FROM data WHERE FunctionalArea = 'Source Code Editor'
Build Tool?,SELECT * FROM data WHERE FunctionalArea = 'Build Tool'
Testing tools?,SELECT * FROM data WHERE FunctionalArea = 'Testing'
Analytics tools?,SELECT * FROM data WHERE FunctionalArea = 'Analytics and Search Engine'
Msg tools?,SELECT * FROM data WHERE FunctionalArea = 'Messaging'
What are the tools for Mobile ios?,SELECT * FROM data WHERE FunctionalArea = 'Mobile Native (iOS)'
Show me tools for Mob Native (Android).,SELECT * FROM data WHERE FunctionalArea = 'Mobile Native (Android)'
List tools for Server Ops.,SELECT * FROM data WHERE FunctionalArea = 'Server Operating System'
Which tools for GIS Desk?,SELECT * FROM data WHERE FunctionalArea = 'GIS Desktop'
What tools in DB Rep?,SELECT * FROM data WHERE FunctionalArea = 'Database Replication'
Tools for Doc Mgmt?,SELECT * FROM data WHERE FunctionalArea = 'Documentation'
Tools for Knowledge Mgmt?,SELECT * FROM data WHERE FunctionalArea = 'Knowledge Management'
Tools for Source Code Cntl?,SELECT * FROM data WHERE FunctionalArea = 'Source Code Control'
Cross-plat app dev tools?,SELECT * FROM data WHERE FunctionalArea = 'Cross-platform'
Tools for managing Containers?,SELECT * FROM data WHERE FunctionalArea = 'Containers'
Tools for Msg?,SELECT * FROM data WHERE FunctionalArea = 'Messaging'
Tools for Web Svc Frmwrk?,SELECT * FROM data WHERE FunctionalArea = 'Web Service Framework'
Tools for App Srvr?,SELECT * FROM data WHERE FunctionalArea = 'Application Server'
Testing tools?,SELECT * FROM data WHERE FunctionalArea = 'Testing'
Tools for Bld Tool?,SELECT * FROM data WHERE FunctionalArea = 'Build Tool'
Tools for Video Conf?,SELECT * FROM data WHERE FunctionalArea = 'Video Conference'
Server Side Frmwrk tools?,SELECT * FROM data WHERE FunctionalArea = 'Server Side Framework'
Monitoring tools?,SELECT * FROM data WHERE FunctionalArea = 'Monitoring Solution'
Config Mgmt for Dist Sys?,SELECT * FROM data WHERE FunctionalArea = 'Configuration Management for Distributed Systems'
Tools for Client-side Lang?,SELECT * FROM data WHERE FunctionalArea = 'Programming Language Client-side'
GIS Desk tools?,SELECT * FROM data WHERE FunctionalArea = 'GIS Desktop'
Tools for NoSQL DB?,SELECT * FROM data WHERE FunctionalArea = 'Non-Relational Database (Big Data)'
Analytics/Search tools?,SELECT * FROM data WHERE FunctionalArea = 'Analytics and Search Engine'
Source Code Edit tools?,SELECT * FROM data WHERE FunctionalArea = 'Source Code Editor'
Dash dev tools?,SELECT * FROM data WHERE FunctionalArea = 'Dashboard'
Storage tools?,SELECT * FROM data WHERE FunctionalArea = 'Storage'
In-Mem DB tools?,SELECT * FROM data WHERE FunctionalArea = 'In-Memory Database'
IDE tools?,SELECT * FROM data WHERE FunctionalArea = 'IDE'
App Life Cycle Mgmt tools?,SELECT * FROM data WHERE FunctionalArea = 'Application Life Cycle Management / Project Management'
DB Report tools?,SELECT * FROM data WHERE FunctionalArea = 'Database Reporting'
Server-side API tools?,SELECT * FROM data WHERE FunctionalArea = 'Server-side API (GoLang)'
Net Platform tools?,SELECT * FROM data WHERE FunctionalArea = 'Networking Platform/API'
Doc tools?,SELECT * FROM data WHERE FunctionalArea = 'Documentation'
KM tools?,SELECT * FROM data WHERE FunctionalArea = 'Knowledge Management'
Dir Svc tools?,SELECT * FROM data WHERE FunctionalArea = 'Directory Services'
Issue Track tools?,SELECT * FROM data WHERE FunctionalArea = 'Issue Tracking'
DB Admin tools?,SELECT * FROM data WHERE FunctionalArea = 'Database Administration'
Static Code Analysis tools?,SELECT * FROM data WHERE FunctionalArea = 'Static Code Analyzer'
App Dev/Deploy tools?,SELECT * FROM data WHERE FunctionalArea = 'Application Development and Deployment'
Cross-platform tools?,SELECT * FROM data WHERE FunctionalArea = 'Cross-platform'
Monitor tools?,SELECT * FROM data WHERE FunctionalArea = 'Monitoring Solution'
GIS Server tools?,SELECT * FROM data WHERE FunctionalArea = 'GIS Server'
Digital Archive tools?,SELECT * FROM data WHERE FunctionalArea = 'Digital Archival Repository'
E-learn platform tools?,SELECT * FROM data WHERE FunctionalArea = 'E-learning'
Cloud tools?,SELECT * FROM data WHERE FunctionalArea = 'Cloud Platform'
Proj Mgmt tools?,SELECT * FROM data WHERE FunctionalArea = 'Application Life Cycle Management / Project Management'
CI/CD tools?,SELECT * FROM data WHERE FunctionalArea = 'CI/CD'
BI tools?,SELECT * FROM data WHERE FunctionalArea = 'Business Intelligence (BI)'
Malware tools?,SELECT * FROM data WHERE FunctionalArea = 'Malware'
In-Memory tools?,SELECT * FROM data WHERE FunctionalArea = 'In-Memory Database'
Web/HTTP tools?,SELECT * FROM data WHERE FunctionalArea = 'Web / HTTP Server'
Networking tools?,SELECT * FROM data WHERE FunctionalArea = 'Networking Platform/API'
Knowledge tools?,SELECT * FROM data WHERE FunctionalArea = 'Knowledge Management'
Client API tools?,SELECT * FROM data WHERE FunctionalArea = 'Client-side API'
GIS Database tools?,SELECT * FROM data WHERE FunctionalArea = 'GIS Database'
Video Conf tools?,SELECT * FROM data WHERE FunctionalArea = 'Video Conference'
Code Review tools?,SELECT * FROM data WHERE FunctionalArea = 'Code review'
Static Code Analy tools?,SELECT * FROM data WHERE FunctionalArea = 'Static Code Analyzer'
Source Code Edit tools?,SELECT * FROM data WHERE FunctionalArea = 'Source Code Editor'
Build Tool?,SELECT * FROM data WHERE FunctionalArea = 'Build Tool'
Testing tools?,SELECT * FROM data WHERE FunctionalArea = 'Testing'
Analytics tools?,SELECT * FROM data WHERE FunctionalArea = 'Analytics and Search Engine'
Messaging tools?,SELECT * FROM data WHERE FunctionalArea = 'Messaging'
Mobile dev tools for ios?,SELECT * FROM data WHERE FunctionalArea = 'Mobile Native (iOS)'
Native Android tools?,SELECT * FROM data WHERE FunctionalArea = 'Mobile Native (Android)'
Tools for Srvr OS?,SELECT * FROM data WHERE FunctionalArea = 'Server Operating System'
GIS Desk tools?,SELECT * FROM data WHERE FunctionalArea = 'GIS Desktop'
DB Replication tools?,SELECT * FROM data WHERE FunctionalArea = 'Database Replication'
Tools for Doc Mngmnt?,SELECT * FROM data WHERE FunctionalArea = 'Documentation'
KM tools?,SELECT * FROM data WHERE FunctionalArea = 'Knowledge Management'
Source Ctrl tools?,SELECT * FROM data WHERE FunctionalArea = 'Source Code Control'
Cross-plat dev tools?,SELECT * FROM data WHERE FunctionalArea = 'Cross-platform'
Container mgmt tools?,SELECT * FROM data WHERE FunctionalArea = 'Containers'
Msg tools?,SELECT * FROM data WHERE FunctionalArea = 'Messaging'
Web Svcs Frmwrk tools?,SELECT * FROM data WHERE FunctionalArea = 'Web Service Framework'
App Server tools?,SELECT * FROM data WHERE FunctionalArea = 'Application Server'
Tools for Testing?,SELECT * FROM data WHERE FunctionalArea = 'Testing'
Build Tool tools?,SELECT * FROM data WHERE FunctionalArea = 'Build Tool'
Video Conf tools?,SELECT * FROM data WHERE FunctionalArea = 'Video Conference'
Server Frmwrk tools?,SELECT * FROM data WHERE FunctionalArea = 'Server Side Framework'
Monitoring Sol tools?,SELECT * FROM data WHERE FunctionalArea = 'Monitoring Solution'
Config Mngmnt tools?,SELECT * FROM data WHERE FunctionalArea = 'Configuration Management for Distributed Systems'
Client-side Lang tools?,SELECT * FROM data WHERE FunctionalArea = 'Programming Language Client-side'
GIS Desk tools?,SELECT * FROM data WHERE FunctionalArea = 'GIS Desktop'
NoSQL tools?,SELECT * FROM data WHERE FunctionalArea = 'Non-Relational Database (Big Data)'
Analytics/Search tools?,SELECT * FROM data WHERE FunctionalArea = 'Analytics and Search Engine'
Source Code Edit tools?,SELECT * FROM data WHERE FunctionalArea = 'Source Code Editor'
Dash dev tools?,SELECT * FROM data WHERE FunctionalArea = 'Dashboard'
Storage tools?,SELECT * FROM data WHERE FunctionalArea = 'Storage'
In-Mem DB tools?,SELECT * FROM data WHERE FunctionalArea = 'In-Memory Database'
IDE tools?,SELECT * FROM data WHERE FunctionalArea = 'IDE'
App Lifecycle Mgmt tools?,SELECT * FROM data WHERE FunctionalArea = 'Application Life Cycle Management / Project Management'
DB Report tools?,SELECT * FROM data WHERE FunctionalArea = 'Database Reporting'
Server-side API tools?,SELECT * FROM data WHERE FunctionalArea = 'Server-side API (GoLang)'
Networking Platform tools?,SELECT * FROM data WHERE FunctionalArea = 'Networking Platform/API'
Doc tools?,SELECT * FROM data WHERE FunctionalArea = 'Documentation'
KM tools?,SELECT * FROM data WHERE FunctionalArea = 'Knowledge Management'
Directory Svc tools?,SELECT * FROM data WHERE FunctionalArea = 'Directory Services'
Issue Track tools?,SELECT * FROM data WHERE FunctionalArea = 'Issue Tracking'
DB Admin tools?,SELECT * FROM data WHERE FunctionalArea = 'Database Administration'
Static Code Analyzer tools?,SELECT * FROM data WHERE FunctionalArea = 'Static Code Analyzer'
App Dev/Deploy tools?,SELECT * FROM data WHERE FunctionalArea = 'Application Development and Deployment'
Cross-platform tools?,SELECT * FROM data WHERE FunctionalArea = 'Cross-platform'
Monitoring tools?,SELECT * FROM data WHERE FunctionalArea = 'Monitoring Solution'
GIS Server tools?,SELECT * FROM data WHERE FunctionalArea = 'GIS Server'
Digital Archival tools?,SELECT * FROM data WHERE FunctionalArea = 'Digital Archival Repository'
E-learning tools?,SELECT * FROM data WHERE FunctionalArea = 'E-learning'
Cloud Platform tools?,SELECT * FROM data WHERE FunctionalArea = 'Cloud Platform'
Proj Mgmt tools?,SELECT * FROM data WHERE FunctionalArea = 'Application Life Cycle Management / Project Management'
CI/CD tools?,SELECT * FROM data WHERE FunctionalArea = 'CI/CD'
BI tools?,SELECT * FROM data WHERE FunctionalArea = 'Business Intelligence (BI)'
Malware tools?,SELECT * FROM data WHERE FunctionalArea = 'Malware'
In-Mem DB tools?,SELECT * FROM data WHERE FunctionalArea = 'In-Memory Database'
Web Server tools?,SELECT * FROM data WHERE FunctionalArea = 'Web / HTTP Server'
Networking tools?,SELECT * FROM data WHERE FunctionalArea = 'Networking Platform/API'
Knowledge Mgmt tools?,SELECT * FROM data WHERE FunctionalArea = 'Knowledge Management'
Client-side API tools?,SELECT * FROM data WHERE FunctionalArea = 'Client-side API'
GIS DB tools?,SELECT * FROM data WHERE FunctionalArea = 'GIS Database'
Video Conf tools?,SELECT * FROM data WHERE FunctionalArea = 'Video Conference'
Code Review tools?,SELECT * FROM data WHERE FunctionalArea = 'Code review'
Static Code Analy tools?,SELECT * FROM data WHERE FunctionalArea = 'Static Code Analyzer'
Source Edit tools?,SELECT * FROM data WHERE FunctionalArea = 'Source Code Editor'
Build Tool tools?,SELECT * FROM data WHERE FunctionalArea = 'Build Tool'
Testing tools?,SELECT * FROM data WHERE FunctionalArea = 'Testing'
Analytics tools?,SELECT * FROM data WHERE FunctionalArea = 'Analytics and Search Engine'
Msg tools?,SELECT * FROM data WHERE FunctionalArea = 'Messaging'
List the tools used in Solutions for Source Code Management Dev Ops & Documentation.,"SELECT * FROM data WHERE FunctionalDomain = 'Solutions for Source Code Management,Dev Ops & Documentation';"
Which tools should I consider for Solutions for Source Code Management Dev Ops & Documentation?,"SELECT * FROM data WHERE FunctionalDomain = 'Solutions for Source Code Management,Dev Ops & Documentation';"
What tool is commonly used in Solutions for Source Code Management Dev Ops & Documentation?,"SELECT * FROM data WHERE FunctionalDomain = 'Solutions for Source Code Management,Dev Ops & Documentation';"
What tools are recommended for Solutions for Infrastructure?,SELECT * FROM data WHERE FunctionalDomain = 'Solutions for Infrastructure';
List the tools used in Solutions for Infrastructure.,SELECT * FROM data WHERE FunctionalDomain = 'Solutions for Infrastructure';
Which tools should I consider for Solutions for Infrastructure?,SELECT * FROM data WHERE FunctionalDomain = 'Solutions for Infrastructure';
What tool is commonly used in Solutions for Infrastructure?,SELECT * FROM data WHERE FunctionalDomain = 'Solutions for Infrastructure';
What tools are recommended for Solutions for GIS?,SELECT * FROM data WHERE FunctionalDomain = 'Solutions for GIS'
List the tools used in Solutions for GIS.,SELECT * FROM data WHERE FunctionalDomain = 'Solutions for GIS'
Which tools should I consider for Solutions for GIS?,SELECT * FROM data WHERE FunctionalDomain = 'Solutions for GIS'
What tool is commonly used in Solutions for GIS?,SELECT * FROM data WHERE FunctionalDomain = 'Solutions for GIS'
What tools are recommended for Solutions for Data Management?,SELECT * FROM data WHERE FunctionalDomain = 'Solutions for Data Management';
List the tools used in Solutions for Data Management.,SELECT * FROM data WHERE FunctionalDomain = 'Solutions for Data Management';
Which tools should I consider for Solutions for Data Management?,SELECT * FROM data WHERE FunctionalDomain = 'Solutions for Data Management';
What tool is commonly used in Solutions for Data Management?,SELECT * FROM data WHERE FunctionalDomain = 'Solutions for Data Management';
What tools are recommended for Solutions for Mobile Application Development Data Management GIS DevOps?,"SELECT * FROM data WHERE FunctionalDomain = 'Solutions for Mobile Application Development,Data Management,GIS,DevOps';"
List the tools used in Solutions for Mobile Application Development Data Management GIS DevOps.,"SELECT * FROM data WHERE FunctionalDomain = 'Solutions for Mobile Application Development,Data Management,GIS,DevOps';"
Which tools should I consider for Solutions for Mobile Application Development Data Management GIS DevOps?,"SELECT * FROM data WHERE FunctionalDomain = 'Solutions for Mobile Application Development,Data Management,GIS,DevOps';"
What tool is commonly used in Solutions for Mobile Application Development Data Management GIS DevOps?,"SELECT * FROM data WHERE FunctionalDomain = 'Solutions for Mobile Application Development,Data Management,GIS,DevOps';"
What tools are recommended for Solutions for Data Analytics?,SELECT * FROM data WHERE FunctionalDomain = 'Solutions for Data Analytics';
List the tools used in Solutions for Data Analytics.,SELECT * FROM data WHERE FunctionalDomain = 'Solutions for Data Analytics';
Which tools should I consider for Solutions for Data Analytics?,SELECT * FROM data WHERE FunctionalDomain = 'Solutions for Data Analytics';
What tool is commonly used in Solutions for Data Analytics?,SELECT * FROM data WHERE FunctionalDomain = 'Solutions for Data Analytics';
What tools are recommended for Solutions Testing?,SELECT * FROM data WHERE FunctionalDomain = 'Solutions for Application Testing';
List the tools used in Solutions for Application Testing.,SELECT * FROM data WHERE FunctionalDomain = 'Solutions for Application Testing';

Question	Answer
What are the tools for Solutions for Portal,e-Learning,KMS,BII,etc?	SELECT * FROM data WHERE FunctionalDomain = 'Solutions for Portal,e-Learning,KMS,BI,etc'
Can you list the tools for Solutions for Portla,e-Learning,KMS,BI,etc?	SELECT * FROM data WHERE FunctionalDomain = 'Solutions for Portal,e-Learning,KMS,BI,etc'
What tools are available for Solutions for Portal,e-Learnig,KMS,BI,etc?	SELECT * FROM data WHERE FunctionalDomain = 'Solutions for Portal,e-Learning,KMS,BI,etc'
What software is used in Solutions for Portal,e-Learning,KMS,BII,etc?	SELECT * FROM data WHERE FunctionalDomain = 'Solutions for Portal,e-Learning,KMS,BI,etc'
Which tools are included in Solutions for Portal,e-Learning,KMS,B,Ietc?	SELECT * FROM data WHERE FunctionalDomain = 'Solutions for Portal,e-Learning,KMS,BI,etc'
What are the main tools for Solutions for Apllication Development and Deployment?	SELECT * FROM data WHERE FunctionalDomain = 'Solutions for Application Development and Deployment'
List tools for Solutions for Appliction Development and Deployment?	SELECT * FROM data WHERE FunctionalDomain = 'Solutions for Application Development and Deployment'
What are common tools in Solutions for Application Developmnt and Deployment?	SELECT * FROM data WHERE FunctionalDomain = 'Solutions for Application Development and Deployment'
What are the preferred tools for Solutions for Application Development and Deploment?	SELECT * FROM data WHERE FunctionalDomain = 'Solutions for Application Development and Deployment'
Which tools are used in Solutions for Application Developmnt and Deployment?	SELECT * FROM data WHERE FunctionalDomain = 'Solutions for Application Development and Deployment'
What are the tools for Solutions for Source Code Management,Dev Ops & Documenation?	SELECT * FROM data WHERE FunctionalDomain = 'Solutions for Source Code Management,Dev Ops & Documentation'
Which tools are used for Solutions for Source Code Managemnt,Dev Ops & Documentation?	SELECT * FROM data WHERE FunctionalDomain = 'Solutions for Source Code Management,Dev Ops & Documentation'
List the tools for Solutions for Source Code Managment,Dev Ops & Documentation?	SELECT * FROM data WHERE FunctionalDomain = 'Solutions for Source Code Management,Dev Ops & Documentation'
What tools are included in Solutions for Source Code Management,Dev Ops & Documetation?	SELECT * FROM data WHERE FunctionalDomain = 'Solutions for Source Code Management,Dev Ops & Documentation'
What are the popular tools for Solutions for Source Code Management,Dev Oops & Documentation?	SELECT * FROM data WHERE FunctionalDomain = 'Solutions for Source Code Management,Dev Ops & Documentation'
What are the key tools for Solutions for Infrastructuree?	SELECT * FROM data WHERE FunctionalDomain = 'Solutions for Infrastructure'
Can you list the tools for Solutions for Infrastruture?	SELECT * FROM data WHERE FunctionalDomain = 'Solutions for Infrastructure'
What are the tools used in Solutions for Infrastructre?	SELECT * FROM data WHERE FunctionalDomain = 'Solutions for Infrastructure'
Which tools are available for Solutions for Inftrastructure?	SELECT * FROM data WHERE FunctionalDomain = 'Solutions for Infrastructure'
What software is used for Solutions for Infrastructuree?	SELECT * FROM data WHERE FunctionalDomain = 'Solutions for Infrastructure'
What tools are used for Solutions for GIS?	SELECT * FROM data WHERE FunctionalDomain = 'Solutions for GIS'
List the tools included in Solutions for GIS?	SELECT * FROM data WHERE FunctionalDomain = 'Solutions for GIS'
What are the main tools in Solutions for GISS?	SELECT * FROM data WHERE FunctionalDomain = 'Solutions for GIS'
Which tools are popular in Solutions for GIIS?	SELECT * FROM data WHERE FunctionalDomain = 'Solutions for GIS'
What are the essential tools for Solutions for GIS?	SELECT * FROM data WHERE FunctionalDomain = 'Solutions for GIS'
What tools are used in Solutions for Data Managementt?	SELECT * FROM data WHERE FunctionalDomain = 'Solutions for Data Management'
Can you list the tools for Solutions for Data Mannagement?	SELECT * FROM data WHERE FunctionalDomain = 'Solutions for Data Management'
What are the primary tools for Solutions for Data Managment?	SELECT * FROM data WHERE FunctionalDomain = 'Solutions for Data Management'
Which tools are included in Solutions for Dtaa Management?	SELECT * FROM data WHERE FunctionalDomain = 'Solutions for Data Management'
What software is used for Solutions for Data Manegement?	SELECT * FROM data WHERE FunctionalDomain = 'Solutions for Data Management'
What are the tools for Solutions for Mobile Applicatione Development?	SELECT * FROM data WHERE FunctionalDomain = 'Solutions for Mobile Application Development'
List the tools for Solutions for Mobil Application Development?	SELECT * FROM data WHERE FunctionalDomain = 'Solutions for Mobile Application Development'
What are the popular tools in Solutions for Mobile Application Developmet?	SELECT * FROM data WHERE FunctionalDomain = 'Solutions for Mobile Application Development'
What software is used in Solutions for Mobile Aplication Development?	SELECT * FROM data WHERE FunctionalDomain = 'Solutions for Mobile Application Development'
Which tools are used for Solutions for Moblie Application Development?	SELECT * FROM data WHERE FunctionalDomain = 'Solutions for Mobile Application Development'
What are the tools for Solutions for Data Analyitcs?	SELECT * FROM data WHERE FunctionalDomain = 'Solutions for Data Analytics'
What tools are used in Solutions for Data Anlytics?	SELECT * FROM data WHERE FunctionalDomain = 'Solutions for Data Analytics'
List the tools for Solutions for Data Analytcis?	SELECT * FROM data WHERE FunctionalDomain = 'Solutions for Data Analytics'
What are the main tools in Solutions for Data Analyttics?	SELECT * FROM data WHERE FunctionalDomain = 'Solutions for Data Analytics'
What are common tools in Solutions for Dtaa Analytics?	SELECT * FROM data WHERE FunctionalDomain = 'Solutions for Data Analytics'
What are the tools for Solutions for Application Testin?	SELECT * FROM data WHERE FunctionalDomain = 'Solutions for Application Testing'
Can you list the tools for Solutions for Application Testng?	SELECT * FROM data WHERE FunctionalDomain = 'Solutions for Application Testing'
What tools are used in Solutions for Applicatione Testing?	SELECT * FROM data WHERE FunctionalDomain = 'Solutions for Application Testing'
Which tools are included in Solutions for Applicatoin Testing?	SELECT * FROM data WHERE FunctionalDomain = 'Solutions for Application Testing'
What software is used in Solutions for Appliction Testing?	SELECT * FROM data WHERE FunctionalDomain = 'Solutions for Application Testing'
What are the popular tools in Solutions for Application Testing?	SELECT * FROM data WHERE FunctionalDomain = 'Solutions for Application Testing'
List the key tools for Solutions for Application Testing?	SELECT * FROM data WHERE FunctionalDomain = 'Solutions for Application Testing'
What are the main tools for Solutions for Application Testing?	SELECT * FROM data WHERE FunctionalDomain = 'Solutions for Application Testing'
What tools are commonly used in Solutions for Application Testing?	SELECT * FROM data WHERE FunctionalDomain = 'Solutions for Application Testing'